Código de Programación;Propiedad;Tipo Muestras;Uso Previsto;No Caja;Ubicación;Condición Almacenamiento;Nombre;Potencia;Fabricante;Lote;Catalogo;Fecha de Ingreso;Fecha de Vencimiento;Unidad;Presentación;Existencia Total;Cantidad Mínima;Color Refuerzo;Certificado Analítico;Ficha de Seguridad;Factura de compra;Código del Sistema
SRPR001;Syntofarma;Medicamento;Valoración;2F1;FREEZER;Cierre hermético;Sulbactam;99,0%;USP;R15000;1623670;2023-12-12;Vigente;mg ;189 mg;182,1;0,8;AZUL ;SI;SI;NO;Syntofarma 
SRPR002;CECIF;Fito terapéutico;valoración;2.2F;FREEZER;Protegido de la luz. Congelación. Permitir que alcance la temperatura ambiente antes de abrir.;Cannbinol estándar ;;;;;;;mg;;0,0;0,3;Rojo - Azul;SI;SI;NO;31235
SRPR003;Syntofarma;Medicamentos;valoración ;1N;NEVERA;Mantener cerrado y bien refrigerado ;Ampicilina;99,0%;USP;R084V0;1033000;2026-02-25;Vigente ;mg;200 mg;102,8;50,0;AZUL ;SI;SI ;N/A;Syntofarma 
SRPR004;CECIF;Medicamentos;Infrarrojo (IR);5C;CABINA;Cierre hermético.;Salicylic Acid (Acido Salicilico);;;;;;;mg;125 mg;0,0;31,3;Verde;;;;30050026 B 
SRPR005;CECIF;Medicamentos;Limite, valoración;4N;NEVERA;Protegido de la luz. Refrigeración.;P-Chloroaniline;;;;;;;;;0,0;50,0;;;;;301057
SRPR006;CECIF;Medicamentos;Disolutor ;4N;NEVERA;Cierre hermético.;Prednisone;99,6%;USP;R083A0;1559006;2021-08-13;2026-12-31;mg;250 mg;355,6;62,5;AZUL;SI;SI;SI;3010100
SRPR007;CECIF;Medicamentos;Disolutor ;7C;CABINA;Cierre hermético. Proteger de la luz.;Dissolution Performace Verification Standart  PREDNISONE;;;;;;;Tab;30 tab;0,0;7,5;AZUL;SI;SI;SI;301051
SRPR008;SOREL;Medicamentos;Valoración HPLC;4N;NEVERA;Cierre hermético. Protegido de la luz. Refrigeración;Hidroquinone ;;;;;;;mg;500 mg;0,0;;Azul - Blanco;SI;SI;SI;Cliente 
SRPR009;;;;;CABINA;Proteger de la luz. Cierre hermético. Mantener bien cerrado;Cetirizine Hidrochloride (CETIRIZINA);;;;;;;mg;250mg;0,0;62,5;;;;;
SRPR010;;;;2.1F;FREEZER;Protegido de la luz. Congelación. Permitir que alcance la temperatura ambiente antes de abrir.;Tretinoin;;;;;;;;;0,0;7,5;;;;;
SRPR011;MEDICK (cancelo la estabilidad);Medicamentos;Valoración HPLC;3C;CABINA;Cierre Hermético;Acido  Valproico;;;;;;;;;0,0;125,0;;SI;SI ;;Cliente
SRPR012;CECIF;Medicamentos;Valoración HPLC;4N;NEVERA;Cierre hermético. Protegido de la luz. Refrigeración;Acetato de Clorhexidina;;;;;;;mg;;0,0;50,0;Azul -Blanco;;;;31167
SRPR014;CECIF;Medicamentos;Contenido de alcohol CG;7C;CABINA;Cierre hermético. Protegido de la luz;Alcohol Determination - ACN;;;;;;;ml ;;0,0;6,3;Rojo;;;;31250
SRPR015;CECIF;Medicamentos;Contenido de alcohol CG;5.C;CABINA;guárdelo en un lugar bien ventilado. Mantener fresco;Alcohol Determinación - Alcohol;1,94% (v/v);USP;R15200;1012688;2025-02-10;Vigente ;ml;10 Ampollas x 5 mL c/u;15,0;12,5;Rojo;SI;SI ;SI ;31249
SRPR016;CECIF;Medicamentos;Infrarrojo (IR), Valoración simeticona;2C;CABINA;Cierre hermético. Protegido de la luz;POLYDIMETHYLSILOXANE;;;;;;;mg;Ampolla x 500mg;0,0;125,0;Verde;SI;SI;NO;30990
SRPR017;HUMAX (Clínica);Medicamentos;Valoración HPLC;8C;CABINA;Cierre hermético. Protegido de la luz;INDAPAMIDE;;;;;;;mg;500mg;0,0;125,0;;SI;SI;NO;HUMAX
SRPR018;Megalabs;Fito terapéutico;Contenido glicosidos flavonol;3.N;NEVERA;Protegido de la luz. Evitar el calor y la humedad excesivos. Refrigeración.;KAEMPFEROL;99%;USP;R12200;1354900;2020-06-01;Vigente ;mg;15mg;10,2;3,8;Azul;SI;SI;NO;004-001-236
SRPR019;Megalabs;Medicamentos;Valoración;6N;NEVERA;Protegido de la luz. Evitar el calor y la humedad excesivos. Refrigeración.;ISORHAMNETIN;;;;;;;mg;;0,0;7,5;;SI;SI;NO;004-001-233
SRPR020;Megalabs;Fito terapéutico;Contenido glicosidos flavonol;2F1;FREEZER;Protegido de la luz. Evitar el calor y la humedad excesivos.;QUERCETIN;89,1%;USP;R120F0;1592409;2020-11-24;Vigente ;mg;200 mg;179,9;50,0;Azul;SI;SI;SI;004-001-344
SRPR021;LELVE;Veterinario;valoración;4C;CABINA;Cierre hermético. Protegido de la luz;Violeta de Genciana;;;;;;;mg;650mg;0,0;162,5;Azul - Blanco;SI;SI;NO;
SRPR022;CECIF;Fito terapéutico;valoración;2.2F;FREEZER;Cierre hermético. Protegido de la luz. Congelador.  ;Cannabidiolic Acid (CBDA);;;;;;;mg;;0,0;0,3;;;;;31233
SRPR023;FARMANAL;Medicamentos;Valoración HPLC;4C;CABINA;Cierre hermético;Ketoconazole;;;;;;;mg;200mg;0,0;;Azul;SI;SI;SI;Cliente
SRPR024;CECIF;Fito terapéutico;valoración;8 N;NEVERA;4°C ±  4°C;Cannabinol Standard;;;;;;;mg;10 mg;-24,1;0,3;Rojo - Azul;Si;SI;NO;31234
SRPR025;;;;2.2.F;FREEZER;Cierre hermético. Protegido de la luz. Congelador.  ;THCA-A Estándar, P&T METHANOL (ACIDO DELTA 9-TETRAHIDRCANABINOLICO) THCA;1000µg/mL;;;;2019-06-07;;;;0,0;0,3;;;;;31236
SRPR027;Syntofarma;Medicamentos;Impurezas orgánicas I.O;2F1;FREEZER;Cierre hermético. Protegido de la luz. ;Amoxicillin;86,4% ;USP;R251E0;1031503;2026-04-24;VIGENTE ;mg;200 mg;199,1;50,0;AZUL;SI;SI;NO;Syntofarma 
SRPR028;Laproff;;;4C;CABINA;Proteger de la luz, Cierre hermético;CARBAMAZEPINA USP;1000mg/mg;;;;2019-06-19;;mg;100mg;0,0;25,0;;;;;
SRPR029;CECIF;Fito terapéutico;valoración;2.2F;FREEZER;Cierre hermético. Protegido de la luz. Congelador.  ;Cannabidiol (-)- (CBD) 1000 ug/mL en Metanol;;;;;;;;;0,0;0,3;Rojo - Azul;NO;NO;NO;3029106
SRPR030;Syntofarma;Medicamentos;Valoración - IR;6.N;NEVERA;Proteger de la luz;Cefalexina;93,2% ;BP;4249;61;2022-07-08;Vigente ;mg;150 mg;61,5;37,5;Azul;SI;SI;SI;Syntofarma 
SRPR031;CECIF;Fito terapéutico;valoración;8 N;NEVERA; 4°C  ±  4°C;Cannabidiol;;;;;;;mg;25 mg;0,0;2,5;Azul;NO;NO;NO;3031107
SRPR036;Healthy America ;L. Ensayo ;Medicamento ;3.C;CABINA;Cierre hermético, ambiente.;Creatinine ;;USP;;1150353;;;mg;100 mg ;0,0;62,5;Verde;;;;Healthy America 
SRPR040;ALTECH;;;3N;NEVERA;Protegido de la luz, guardar en nevera;Phenylephrine Hydrochloride (Fenilefrina Hidrocloruro);;;;;;;;;0,0;50,0;;;;;
SRPR042;CECIF;Medicamentos;Infrarrojo (IR);3C;CABINA;Cierre hermético. Protegido de la luz.;Clorferinamina Maleato;;;;;;;mg;125 mg;0,0;0,0;Azul ;;;;301036
SRPR050;TECNOQUIMICAS;Medicamentos;Valoración HPLC;6N;NEVERA;Cierre hermético. Protegido de la luz. Refrigeración.;Amlodipine besylate  (Amlodipino Besilato);;;;;;;mg;;0,0;87,5;Verde;;;NO;Tecnoquimicas
SRPR054;TECNOQUIMICAS;Medicamentos;Valoración HPLC;6N;NEVERA;Protegido de la luz. Evitar el calor y la humedad excesivos. Refrigeración.;Topiramato;;;;;;;mg;150 mg;0,0;37,5;Azul;SI;SI;NO;309139
SRPR055;Syntofarma;Medicamentos;HPLC;2F2;FREEZER;Mantener el contenedor bien cerrado,Protegido de la luz. Material higroscopico  manejar la humedad por debajo de 30%. Freezer. ;Dicloxacillin Sodium;;USP ;;1189009;;;mg;300 mg ;0,0;24,5;Azul;;;NO;Cliente 
SRPR056;CECIF;Fito terapéutico;Valoración HPLC;5C;CABINA;Cierre hermético. Protegido de la luz.;Oxybenzone;;;;;;;mg;150 mg;0,0;37,5;Verde;SI;SI;NO;301038
SRPR057;CECIF;Fito terapéutico;valoración;8N;NEVERA;Cierre hermético. Protegido de la luz. Refrigeracion;Delta-9-Tetrahydrocannabinol (THC);;;;;;;mL;1mL;0,00;0,3;Azul - Rojo;SI ;SI ;SI ;31253
SRPR061;ROWE;Medicamentos;Valoración HPLC;1C;CABINA;Cierre hermético. Protegido de la luz;Acetaminofen;;;;;;;;;0,0;100,0;Verde;;;;
SRPR066;CECIF;Medicamentos;Disolventes  Residuales;9N;NEVERA;Protegido de la luz;Residual Solvents Class 2 - Mixture B;Ver certificado;USP;R18750;1601292;2025-04-08;Vigente ;Ampollas;3x1,2mL;2,0;0,8;Verde;SI;SI;NO;31084A
SRPR067;CECIF;Medicamentos;Disolventes  Residuales;9N;NEVERA;Cierre hermético. Protegido de la luz.;Residual Solvents  Class 2 - Mixture C;;;;;;;mL;5 x 1,2 mL;0,0;1,3;Rojo;SI;SI;NO;31084 B
SRPR068;CECIF;Medicamentos;Disolventes  Residuales;9.N;NEVERA;Protegido de la luz;Residual Solvents Class 2 - Mixture A;Ver certificado;USP;R08520;1601281;2019-04-29;Vigente ;Ampollas;3 x 1,2 mL;4,0;0,8;Rojo - Azul;SI;SI;NO;30010036B
SRPR069;CECIF;Medicamentos;Disolventes  Residuales;9.N;NEVERA;Cierre hermético. Protegido de la luz.;Residual Solvents Mixture - Class 1;Ver certificado;USP;R053P0;1601102;2019-09-09;Vigente ;Ampollas;3 x 1,2 mL;1,0;0,8;Azul - Rojo ;SI;SI;NO;31085
SRPR070;CECIF;Medicamentos;Disolventes  Residuales;2.2F;Freezer;Almacenar 0°C o menos;Residual Solvents Class 3 Mix A;;;;;;No Hay;mL;1 Ml;0,0;;Rojo;SI;SI;SI;40700044
SRPR071;Vacio;;;;NEVERA;Manejar en lugar seco. Refrigeración.;Valsartan Related Compound B;;;;;;;mg;;0,0;2,5;;;;;301100
SRPR075;CECIF;Alimentos y/o Suplementos;valoración;2N;NEVERA;Cierre hermético. Protegido de la luz. Refrigeración.;Thiamine Hydrochloride (Tiamina Hidrocloruro);;;;;;;mg;500 mg;0,0;0,0;Verde;;;;30975
SRPR081;HUMAX (Clínica);;;6C;CABINA;Proteger de la luz. Cierre hermético. Mantener bien cerrado;Phenytoin Sodium (FENITOINA SODIO);;;;;;;;;0,0;50,0;;;;;41460033
SRPR093;Syntofarma;Medicamentos;Impurezas orgánicas I.O;1N;NEVERA;Mantener en un recipiente bien cerrado. Proteger de la luz. Almacenar en Refrigerador;Amoxicillin Related Compound A ;99%;USP;R12660;1031514;2026-04-24;Vigente ;mg;15 mg;10,7;7,5;Azul;SI;SI;SI;Syntofarma 
SRPR094;Syntofarma;Medicamentos;Impurezas orgánicas I.O;2F1;FREEZER;Mantener en un recipiente cerrado. Proteger de la luz Bien cerrado. Almacenar en Congelador. Material es Higroscópico.;Amoxicillin Related Compound D;Cualitativo ;USP;R192N0;1031547;2024-03-22;Vigente ;mg;50 mg;25,8;12,5;Azul;SI;SI;SI;Syntofarma 
SRPR096;CECIF;Medicamentos;Infrarrojo (IR);2C;CABINA;Cierre hermético. Protegido de la luz.;Labetalol HCl;;;;;;;mg;200 mg;0,0;50,0;Verde;SI;SI;Si;3010105
SRPR097;Copidrogas;Medicamentos;Infrarrojo (IR);4N;NEVERA;Cierre hermético. Protegido de la luz. Refrigeración.;Dietil Ftalato;;;;;;;;;0,0;50,0;Verde;SI;SI;NO;Cliente
SRPR098;ECAR;Medicamentos;Infrarrojo (IR) ;15N;CABINA;Cierre hermético. Higroscópico.;Polietilenglicol 3350;;;;;;;mg;100 mg;0,0;0,0;Verde;;;;Cliente
SRPR100;ECAR;Medicamentos;Valoración HPLC;5N;NEVERA;Cierre hermético. Protegido de la luz. Refrigeración.;Pregabalin CV;;;;;;;mg;;0,0;50,3;Verde;;;NO;ECAR
SRPR101;Syntofarma;Medicamentos;Valoración HPLC;2F1;FREEZER;Cierre hermético. Protegido de la luz. Refrigeración.;Cephradine;98,6 %;USP ;R178V0;1102805;2026-06-19;Vigente ;mg;300 mg ;300,0;6,8;Azul;SI;SI;NO;Cliente
SRPR103;Healthy America ;;;;;;Creatine;;;;;;;mg;;0,0;62,5;Verde;SI;SI;NO;Healthy America 
SRPR110;Healthy America;L. Ensayo ;Medicamento ;4 C;CABINA;Cierre hermético;Biotina ;99,8%;USP ;R17930;1071508;2024-02-08;Vigente ;mg;200 mg;169,7;50,0;Verde;SI ;SI ;NO ;Healthy America 
SRPR116;CECIF;Alimentos y/o Suplementos;Valoración HPLC;2.1F;FREEZER;Protegido de la luz. Congelador. Permitir que alcance la temperatura ambiente antes de abrir la ampolla y utilizar el material con prontitud.;Colecalciferol (CHOLECALCIPHEROL);;;;;;;mg;5 x 30mg;0,0;7,5;Azul;SI;SI;NO;301090
SRPR117;CECIF;Alimentos y/o Suplementos;proyectos (alimentos y suplementos);2F2;FREEZER;Protegido de la luz. -20 °C en un lugar seco.;Retinyl Palmitate (Vitamina A);96,7%;Chroma Dex;00022717-891;22717;2022-03-01;2027-08-31;mg;250 mg;207,7;125,0;Verde;SI;NO;NO;309117
SRPR122;ALTECH;Medicamentos;Valoración HPLC;2C;CABINA;Cierre hermético. Lugar seco. Proteger de la humedad, material higroscópico.;Polyoxyl 15 Hidroxystearate;;USP;;;;;mg;500 mg;0,0;125,0;Verde;SI;SI;NO;
SRPR124;CECIF;Alimentos y/o Suplementos;Valoración HPLC;2N;NEVERA;Refrigerador.;Cyanocobalamin (CIANOCOBALAMINA);;;;;;;mg; 20 mg;0,0;5,0;;SI;SI;NO;309124
SRPR125;CECIF;Alimentos y/o Suplementos;Valoración HPLC;5C;CABINA;Cierre hermético, protegido de la luz;Cafeina;;;;;;;mg;200 mg;0,0;50,0;Azul;;;;309125
SRPR132;CECIF;;;5C;CABINA;Cierre hermético. Protegido de la luz;Escin;;;;;;;;;0,0;87,5;;;;;309132
SRPR133;Nutrabiotics EV. ;Medicamentos;Valoración HPLC;3N;NEVERA;Cierre hermético. Protegido de la luz. Refrigerador.;Acido Alpha Lipoico ( Acido Alfa Lipoico);0,991%;USP;F1I018;1368201;2026-06-24;Vigente ;mg;500 mg;500,0;125,0;Verde;SI;SI;NO;Nutrabiotics 
SRPR134;Proasepsis;Medicamento; SOLO PARA IR (STD CUALITATIVO);6 N;NEVERA;Cierre hermético. Protegido de la luz. En Refrigerador;Chlorhexidine;N/A;USP;R144H0;1111001;2023-09-20;Vigente ;mg;200mg;180,0;50,0;Blanco ;SI;SI;NO;Proasepsis 
SRPR135;Megalabs ;Medicamentos;HPLC;3.N;NEVERA;" Cierre hermético
Refrigerador +5°C ± 3°C  Protegido de la luz ";Trymethyltetradecylammonium bromide CRS ;Ver Certificado;EP ;2.1;T2450000;2023-02-20;Vigente ;mg;200 mg ;278,5;37,5;Blanco;SI ;SI ;NO;Megalabs 
SRPR145;CECIF;Alimentos y/o Suplementos;Perfil lipídico;2F2;FREEZER;Almacenar a <= 0 °C;Marine Oil Fame Mix;Ver certificado;RESTEK;AU14-Z;35066;N. R.;Vigente;mL;1mL;1,974;0,1;Azul;SI;SI;NO;301099
SRPR146;CECIF;Alimentos y/o Suplementos;Perfil lipídico;2F2;FREEZER;Guardar a 0°.;NLEA Fame Mix;Ver certificado;RESTEK;A0115897;35078;N. R.;Vigente;mL;1 ml;1,908;0,3;Azul;SI;NO;NO;41460033
SRPR153;CECIF;Alimentos y/o Suplementos;Proyecto (alimentos y suplementos);7N;NEVERA;Proteger de la luz. Refrigerar. Descartar la porción no usada después de abrir.;Retinyl Palmitate (Vitamina A);;;;;;;mg;50 mg;0,000;25,0;;;;;301093
SRPR157;Vacio;;;;NEVERA;Proteger de la luz. Refrigerador.;(-)-Epigallocatechin-3-O-Gallate;;;;;;;;;0,0;5,0;;;;;301045
SRPR162;Syntofarma;Medicamentos;Valoración HPLC;2.1F;FREEZER;Cierre hermético. Congelador.;Sulbactam;;;;;;;mg;250mg;0,0;62,5;Azul;SI;SI;NO;
SRPR168;CECIF;Alimentos y/o Suplementos;Valoración CG;5C;CABINA;Cierre hermético. ;Menthol (Mentol);99,5%;USP;R09450;2216-51-5;2019-05-15;2026-07-31;mg;250 mg;171,6;62,5;Verde;SI;SI;NO;3168108
SRPR179;CECIF;;;3N;NEVERA;Cierre hermético. Proteger de la luz. Refrigerador. Este material es higroscópico.;Rosmarinic Acid;0,994 mg/mg;;;;N. R.;No Hay;;;0,0;6,3;;;;;31221
SRPR181;CECIF;Alimentos y/o Suplementos;valoración;3N;NEVERA;Cierre hermético. Refrigerador;Powdered Milk Thistle Extract;;;;;;;mg;;0,0;6,3;Verde;;;NO;3181109
SRPR184;West Química (Fisicoquímico);Medicamentos;Valoración HPLC;4N;NEVERA;Proteger de la luz. Refrigerador. Este material es higroscópico;Chlorhexidine System Suitability Mixture;Cualitativo ;USP;R14920;1111012;2025-09-10;Vigente;mg;50 mg;30,0;12,5;Blanco;SI;SI;NO;West Quimica 
SRPR185;ECAR;Medicamentos;limite ;3C;CABINA;Proteger de la luz. Después de abierto guardar en un contenedor cerrado herméticamente bajo gas inerte.;Orlistat Related Compound E;;;;;;;mg;10 mg;0,0;2,5;Verde;SI;SI;NO;ECAR
SRPR188;Megalabs;Fito terapéutico;valoración;2F1;FREEZER;Protegido de la luz. Cierre hermético.Material Higroscópico.;Ginkgo Terpene Lactones;VER CERTIFICADO;USP;R088U0;1291559;2020-06-01;Vigente;mg;50mg;12,7;12,5;Verde;SI;SI;NO;004-001-239
SRPR192;CECIF;Medicamentos;Impurezas orgánicas I.O;5N;NEVERA;Cierre hermético. En desecador dentro del refrigerador. Este material es higroscópico.;Levocarnitine Related Compound A;;;;;;;mL;100 mg;0,0;25,0;Verde;SI;SI;NO;
SRPR200;Syntofarma;Medicamentos;Infrarrojo (IR). STD Cuantitativo;15N;NEVERA;Cierre hermético. Proteger de la luz. Refrigerador.;Cefaclor;;;;;;;mg;10 mg;0,0;25,3;Azul;NO;NO;NO;Syntofarma 
SRPR202;CECIF;;;2F;FREEZER;Cierre hermético. Protegido de la luz. Congelador.  ;Tacrolimus;;;;;;;;;0,0;37,5;;;;;309202
SRPR204;Syntofarma;Medicamentos;Valoración;6N;NEVERA;Cierre hermético. Proteger de la luz. Refrigerador.;2-Tert-Butyl-4-Hydroxyanisole;99,8%;USP;R07460;1083008;2023-08-30;Vigente;mg;200 mg;187,8;50,0;AZUL;SI ;SI;NO;Syntofarma 
SRPR205;ALTECH;;;5N;NEVERA;Cierre hermético. Proteger de la luz. Refrigerador.;Phenylephrine Related Compound D (Fenilefrina Compuesto Relacionado D);;;;;;;;;0,0;7,5;;;;;
SRPR206;ALTECH;Medicamentos;Impurezas orgánicas I.O;5N;NEVERA;Cierre hermético. Proteger de la luz. Refrigerador.;Phenylephrine Related Compound E (Fenilefrina Compuesto Relacionado E);;;;;;;;;0,0;7,5;Blanco;SI;SI;NO;
SRPR207;LifeFactors;Medicamentos;Valoración, Impurezas orgánicas;5N;NEVERA;Cierre hermético. Refrigerador.;Acido Caprilico (Caprylic Acid);;;;;;;mg;300 mg;0,0;7,8;Blanco;SI;SI;NO;Cliente
SRPR208;LifeFactor;Alimentos y/o Suplementos;Valoración;7C;CABINA;Proteger de la luz;L-Triptofano;;;;;;;mg;200mg;0,0;8,0;Verde;SI;SI;NO;Cliente
SRPR226;CECIF;Medicamentos;Valoración HPLC;1C;CABINA;Proteger de la luz;Olopatadine Hydrochloride;;;;;;;mg;200mg;0,0;37,5;Verde;SI;SI;SI;3226110
SRPR227;ILAB;Medicamentos;Valoración, impurezas orgánicas;2.1F;FREEZER;Foto 1. Evitar el calor y la humedad excesivos. Congelación;Olopatadine Compuesto Relacionado B;;;;;;;mg;150 mg (18,9MG Oticoff);0,0;4,7;Verde;SI;SI;SI;Cliente 
SRPR228;ILAB;Medicamentos;Valoración, impurezas orgánicas;2.1F;FREEZER;Protegido de la luz. Evitar el calor y la humedad excesivos. Congelación;Olopatadinde Compuesto Relacionado C;;;;;;;mg;35mg;0,0;8,8;Azul;SI;SI;SI;
SRPR232;Syntofarma;Medicamentos;Valoración;5C;CABINA;Protegido de la luz. Recipiente Hermético.;3-Tert-Butyl-4-Hydroxyanisole;99,4% de 3-Tert-Butyl-4-Hydroxyanisole y 0,3% de 2-Tert-Butyl-4-Hydroxyanisole;USP;R16050;1083100;2023-08-30;Vigente;mg;200 mg;188,6;50,0;Azul;SI ;SI;NO;Syntofarma 
SRPR233;Vacio;;;;CABINA;Proteger de la luz. Cierre hermético;Epinephrine Bitatrate;;;;;;No Hay;;;0,0;50,0;;;;;
SRPR234;Syntofarma;;;1N;NEVERA;Proteger de la luz. Refrigerador;Clavulanate Lithium;0,969 mg/mg;;;1134426;2017-02-09;No Hay;;;0,0;50,0;;;;;
SRPR236;Megalabs;Medicamentos;Valoración HPLC. STD Cualitativo. Se patronó de acuerdo a directriz del cliente;1C;CABINA;Bien cerrado. Temperatura Ambiente Higroscópico;Carboxymethylcellulose Sodium;100,82%;USP;R12601;1096553;2022-07-19;Vigente ;mg;1,5 g;1175,9;375,0;Verde;SI;SI;NO;Megalabs 
SRPR244;CECIF;Alimentos y/o Suplementos;valoración;2N;NEVERA;Cierre hermético. Protegido de la luz. Refrigeración;Riboflavin;;;;;;;mg;500 mg;0,0;125,0;Verde;SI;SI;NO;301015
SRPR245;CECIF;;;7C;CABINA;Después de abierta la ampolla almacenar en un recipiente bien cerrado en un desecador;Ethylene Glycol;1,00 mg/mg;;;;;No Hay;;;0,0;0,1;;;;;3245111
SRPR249;;Medicamentos;Valoración HPLC;1C;CABINA;Proteger de la luz. Cierre hermético.; Moxifloxacin Hydrochloride ;;;;;;No Hay;;;0,0;50,0;Verde;SI;SI;NO;
SRPR250;OTICOFF;;;1C;CABINA;Proteger de la luz. Cierre hermético.;Moxifloxacin Related compound A;;;;;;No Hay;;;0,0;6,3;;SI;SI;NO;
SRPR252;Geneca Pharma ;Medicamentos;Valoración;5N;NEVERA;Protegido de la luz. Cierre hermético.;Meloxicam;99,8%;USP;R11690;1379401;2023-08-31;Vigente;mg;400 mg;199,9;100,0;Azul;SI ;SI ;N/A;Geneca Pharma 
SRPR254;Vacio;;;;NEVERA;Cierre hermético. Refrigeración;Tranexamic Acid;;;;;;No Hay;;;0,0;50,0;;;;;
SRPR255;;;;;CABINA;Mantener bien cerrado;Tranexamic Acid related Compound C;;;;;;No Hay;;;0,0;3,8;;;;;
SRPR256;Syntofarma;Medicamentos;Valoración, Impurezas orgánicas;1N;NEVERA;No secar. Mantener en un recipiente bien cerrado. Proteger de la luz. Almacenar en Refrigerador.;Dicloxacilina Compuesto Relacionado D;100,0%;USP;F01780;1189053;2026-04-24;2026-12-31;mg;15 mg;7,0;7,5;Verde;SI;SI;Cliente;Syntofarma 
SRPR259;Syntofarma;Medicamentos;Impurezas orgánicas I.O;1N;NEVERA;Mantener en recipiente cerrado protegido de la luz y en refrigerador.;Cloxacillin Related Compoun D;100,0%;USP;F01770;1144951;2018-06-07;Vigente;mg;15 mg;10,0;3,8;Verde;SI;SI;SI;Syntofarma 
SRPR261;HUMAX (Clínica);Medicamentos;Infrarrojo (IR);1C;CABINA;Proteger de la luz. Cierre hermético. Mantener bien cerrado;Propylparaben;;;;;;;mg;200mg;0,0;50,0;Verde;SI;SI;NO;
SRPR262;HUMAX (Clínica);Estándar secundario ;;3N;NEVERA;Cierre hermético. Protegido de la luz. Refrigeracion;Metformin Hydrochloride;;;;;;No Hay;mg;;0,0;50,0;;;;;
SRPR263;NUTRABIOTICS;;;7N;NEVERA;Cierre hermético. Protegido de la luz. Refrigeracion;Glycyrrhizic Acid;;;;;;No Hay;;;0,0;15,0;;;;;
SRPR266;Vacio;;;;CABINA;Proteger de la luz. Cierre hermético.;Sodiun Ascorbate;;;;;;No Hay;;;0,0;50,0;;;;;
SRPR267;Syntofarma;Medicamentos ;Valoración ;4N;NEVERA; Refrigerador +5°C ± 3°C Protegido de la luz;Sultamicillin Tosilate CRS;92,7%;EP;3;Y0000531;2025-10-03;Vigente ;mg;200;87,6;50,0;Verde;SI;SI;SI;Syntofarma
SRPR268;Vacio;;;;CABINA;;Diethylene Glycol (Dietilenglicol);;;;;;No Hay;;;0,0;0,0;;;;;
SRPR269;Bausch Health ;Medicamentos;Validación Cromatografía de gases ;4C;CABINA;Cierre hermético (es higroscópico);Glycerin (glicerina);100%;USP;R13700;1295607;2025-08-11;2026-11-30;mg;130;1917,7;32,5;Verde;SI;SI;SI;Bausch Health 
SRPR270;QUIFARMA;Medicamentos;Valoración HPLC;5C;CABINA;Proteger de la luz. Cierre hermético.;Fluorouracil ;;;;;;No Hay;;;0,0;0,0;Azul;SI;SI;SI;
SRPR271;Syntofarma;Medicamentos;Valoración HPLC (STD Cualitativo);2F1;FREEZER;Protegido de la luz. Recipiente Hermético. Congelación;Cefuroxime Axetil Delta -3- Isomers;N/A (Cualitativo);USP ; R12220;1098231;2024-01-17;Vigente ;mg;10 mg ;17,1;2,5;Azul;SI;SI ;N/A;Syntofarma 
SRPR272;Syntofarma;Medicamentos;Valoración HPLC;1N;NEVERA;Cierre hermético. Protegido de la luz. Refrigeracion;Cefuroxime Axetil;82,3%;USP ;R011M0;1098220;2024-01-17;2027-03-31;mg ;350 mg ;470,4;87,5;Azul;SI ;SI ;N/A;Syntofarma 
SRPR273;HUMAX (Clínica);Medicamentos;Valoración HPLC;3N;NEVERA;Cierre hermético. Protegido de la luz. Refrigeracion. Mantener alejado de los Álcalis;Metformin Hydrochloride;;;;;;;mg;200mg;0,0;50,0;Verde;SI;SI;SI;42730043
SRPR274;Luz Zul;Medicamentos;Valoración HPLC;4N;NEVERA;Cierre hermético. Protegido de la luz. Refrigeracion;Azufre B;;;;;;;mg;50 mg;0,0;50,3;Verde;SI;SI;NO;N/A
SRPR275;Luz Zul;Medicamentos;Valoración HPLC;6N;NEVERA;Cierre hermético. Protegido de la luz. Refrigeracion;Naphazoline Hydrochloride (Nafazolina Hidrocloruro);99,8%;USP;M1K405;1457006;2020-01-17;Vigente;mg;200 mg;26,3;50,0;Azul;SI;SI;NO;Luz Zul 
SRPR276;ECAR;Medicamentos;Valoración CG;5C;CABINA;Proteger de la luz. Cierre hermético.;Orlistat Related Compound B;;;;;;;mg;20 mg;0,0;5,0;;SI;;;Cliente 
SRPR277;QUIFARMA;;;5C;CABINA;Proteger de la luz. Cierre hermético.;UREA;;;;;;No Hay;;;0,0;2,5;;;;;
SRPR278;Bussie;Medicamentos;Valoración, impurezas orgánicas;15N;NEVERA;Proteger de la luz, Cierre hermético;Compuesto Relacionado A Carbamazepina USP;;;;;;No Hay;;;-30,00;2,6;Verde;SI;SI;NO;Cliente
SRPR279;Bussie;Medicamentos;Valoración, Impurezas orgánicas;15N;NEVERA;Cierre hermético.;Compuesto Relacionado B Carbamazepina USP;;;;;;;mg;11,66;0,00;2,9;Verde;NO;NO;NO;Bussie 
SRPR280;Acromax;Medicamentos;Valoración HPLC;1C;CABINA;Bien cerrado. Temperatura Ambiente Higroscópico;CarboximethylCelulosa Sodium;;;;;;;mg;;0,0;375,0;;SI;SI;NO;Cliente 
SRPR281;Proasepsis;Alimentos y/o Suplementos;Valoración (STD CUALITATIVO);4C;CABINA;Proteger de la Luz;Mineral Oil (Aceite Mineral);N/A (Cualitativo);USP;R100P0;1443952;2020-09-14;Vigente;mL;1,5 ml;1,5;0,4;Verde;SI;SI;NO;Proasepsis 
SRPR282;Syntofarma;Medicamentos; SOLO PARA IR (STD CUALITATIVO);1N;NEVERA;Proteger de la luz y la humedad. Reciente Hermético.;Ampicilina Trihidrato cualitativa;N/A (Cualitativo);USP;R10830;1033407;2020-09-21;Vigente;mg;200 mg;185,0;0,6;Azul;SI;SI;SI;Syntofarma 
SRPR283;Syntofarma;;;1N;NEVERA;Proteger de la luz, Cierre hermético;Cefadroxil Compuesto Relacionado I;;;;;;No Hay;mg;;0,0;2,5;;;;;
SRPR284;Syntofarma;;;1N;NEVERA;Proteger de la luz, Cierre hermético;Cefadroxil Compuesto Relacionado D;;;;;;No Hay;mg;;0,0;2,5;;;;;
SRPR285;Syntofarma;;;1F;FREEZER;Proteger de la luz, Cierre hermético;Cefadroxilo System Suitability Mixture;;;;;;No Hay;mg;;0,0;6,3;;;;;
SRPR286;Bausch Health ;;;15N;NEVERA;Protegido de la Luz y Guardar en Refrigerador;Aripiprazol Compuesto Relacionado F;;;;;;No Hay;;;0,0;1,3;;;;;
SRPR287;Bausch Health ;;;15N;NEVERA;Protegido de la Luz y Guardar en Refrigerador;Aripiprazol Compuesto Relacionado G;;;;;;No Hay;;;0,0;0,5;;;;;
SRPR288;Bausch Health ;Medicamentos;Impurezas orgánicas I.O;1C;CABINA;Protegido de la luz y cierre hermetico ;Fexofenadine compuesto relacionado B;;;;;;No Hay;;;0,0;6,3;;;;;Cliente 
SRPR289;LABINCO ;Medicamentos;Limite ;2N;NEVERA;Protegido de la luz y cierre hermetico ;Hyoscine Butylbromide for System Suitability CRS;;;;;;;mg;10 mg;0,0;0,0;Azul;;;;Cliente 
SRPR290;Syntofarma;Medicamentos;Valoración ;5N;NEVERA;Refrigerador. Proteger de la luz;Diclofenaco de potasio CRS;Ver Certificado;EP;3,0;D1039990;2025-08-12;Vigente;mg;70 mg;9,4;21,0;Azul;SI;SI;SI;Syntofarma 
SRPR291;Syntofarma;Medicamentos;valoración/ IR;5N;NEVERA;Recipiente hermético. Proteger de la Luz. Refrigerador.;Cefpodoxime Proxetil ;75,8%(para cromatografía) y 76,7% (para espectrofotometría);USP;R23550;1098027;2026-01-15;Vigente ;mg;350 mg;178,4;87,5;Azul;SI;SI;N/A;Syntofarma 
SRPR292;QUIFARMA;Medicamentos;Valoración ;5N;NEVERA;Refrigerador.;Fluorouracil Related Compound F;;;;;;;mg;25 mg;0,0;;Azul;;;;Cliente 
SRPR293;Jorge Alzate ;Medicamentos;Valoración ;3C;CABINA;Protegido de la Luz y Guardar en Refrigerador;Difenhydramina Clorhidrato ;;;;;;;mg;200;0,0;0,0;Verde;SI;SI;N/E;Cliente 
SRPR294;Jorge Alzate ;Medicamentos;Valoración ;3C;CABINA;Protegido de la Luz y Guardar en Refrigerador;Difenhydramina Compuesto relacionado A;;;;;;;mg;25 mg ;0,0;0,0;Verde;SI;SI;N/E;Cliente 
SRPR295;Syntofarma;Medicamentos;Valoración ;4N;NEVERA; Refrigerador +5°C ± 3°C Protegido de la luz;Cefradine Impurity Mixture CRS ;Ver Certificado;EP;2.0;Y0001174;2025-10-22;Vigente ;mg;0,04 mg;0,08;0,0;Verde;NO;NO;No;Cliente 
SRPR296;Syntofarma;Medicamentos;Valoración ;4N;NEVERA; Refrigerador +5°C ± 3°C Protegido de la luz;Cefradine For Peak Identification CRS ;Ver Certificado;EP ;4;Y0000568;2024-11-13;Vigente ;mg;15 mg;29,4;2,5;Verde;SI;SI;SI ;Syntofarma 
SRPR297;Syntofarma;Medicamentos;Valoración ;4N;NEVERA; Refrigerador +5°C ± 3°C Protegido de la luz;Cefradine CRS ;90,3%;EP ;5;C0690000;2026-01-15;Vigente ;mg;300 mg;140,3;37,5;Verde;SI;SI;SI ;Cliente 
SRPR298;Syntofarma;Medicamentos;Valoración ;2F2;FREEZER;Congelador -20°C ±  5°C, Proteger de la luz;Cyclohexa-1,4-dienyglycine CRS ;Ver Certificado;EP ;3.1;C3230000;2026-04-24;Vigente ;mg;15 mg;9,0;2,5;Verde;SI;SI;NO;Syntofarma 
SRPR299;PharmaCielo ;Fito terapéutico;Valoración ;10N;NEVERA; 10 ° C o más Frío ;Cannabinol Standard;;;;;;;ml;1 ml;0,0;0,0;Rojo - Azul;SI;SI;NO;Cliente 
SRPR300;PharmaCielo ;Fito terapéutico;Valoración ;2.F2;FREEZER;≥ 10 ° C;Cannabidiol (CRM) ;;;;;;;ml;1 ml;0,0;0,0;Rojo - Azul;SI;SI;NO;Cliente 
SRPR301;PharmaCielo ;Fito terapéutico;Valoración ;10N;NEVERA; 10 ° C o más Frío ;Delta-9-THC Standard;;;;;;;mg;1 ml;0,0;0,0;Rojo - Azul;SI;SI;NO;Cliente 
SRPR302;PharmaCielo ;Fito terapéutico;Valoración ;10N;NEVERA; 10 ° C o más Frío ;Cannabigerol Standard ;;;;;;;mg;1 ml;0,0;0,0;Rojo - Azul;SI;SI;NO;Cliente 
SRPR303;PharmaCielo ;Fito terapéutico;Valoración ;10N;NEVERA; 10 ° C o más Frío ;Cannabichromene Standard ;;;;;;;mg;1 ml ;0,0;0,0;Rojo - Azul;SI;SI;NO;Cliente 
SRPR304;PharmaCielo ;Fito terapéutico;Valoración ;2.F2;FREEZER;≥ 20 ° C;THCA-A Standard ;;;;;;;mg;1 ml ;0,0;0,0;Rojo - Azul;SI;SI;NO;Cliente 
SRPR305;PharmaCielo ;Fito terapéutico;Valoración ;2.F2;FREEZER;≥ 20 ° C;Tetrahydrocannabivarin ( THCV) ;;;;;;;mg;1 ml ;0,0;0,0;Rojo - Azul;SI;SI;NO;Cliente 
SRPR306;PharmaCielo ;Fito terapéutico;Valoración ;2.F2;FREEZER;≥ 20 ° C;Cannabidivarin (CBDV) Standard;;;;;;;mg;1 ml ;0,0;0,0;Rojo - Azul;SI;SI;NO;Cliente 
SRPR307;Nutrabiotics Fisicoquimico. ;Medicamentos;Valoración HPLC;3N;NEVERA;Mantener en un recipiente cerrado. Proteger de la Luz. Almacenar en Refrigerador;Acido Alfa Lipoico ( Acid Alpha Lipoic );99,1%;USP;F1I018;1368201;2025-07-01;Vigente ;mg;500 mg;326,1;62,5;Verde;SI;SI;NO ;Nutrabiotics 
SRPR308;BUSSIE;Medicamentos;Valoración HPLC ;2N;NEVERA;Protegido de la luz y cierre hermetico ;Hyoscine Butylbromide for System Suitability CRS;;;;;;;mg ;10 mg;0,0;0,0; Azul;;;;Cliente 
SRPR309;Megalabs;Medicamentos;Valoración HPLC ;5N;NEVERA;Refrigerador (2°C - 8°C);Carmellose Sodium BP ;99,9%;BP ;4217;767;2022-10-05;Vigente ;mg ;100 mg;135,4;87,5;Verde;SI;SI;NO;Megalabs 
SRPR310;Geneca Pharma ;Medicamentos;Valoración HPLC;4C;CABINA;Cierre hermético. Protegido de la luz. ;Ácido Benzoico ;99,9%;USP ;R144C0;1055002;2022-10-21;Vigente ;mg ;300 mg;273,6;75,0;Verde;SI;SI;SI ;31254
SRPR311;Geneca Pharma ;Medicamentos;Valoración HPLC;4N;NEVERA;Cierre hermético. Protegido de la luz. Refrigerador.;Ibuprofeno Compuesto Relacionado C;100%;USP ;R16080;1335541;2022-10-21;Vigente ;g;0,6 ml;0,6;0,2;Verde;SI;SI;SI ;31255
SRPR312;Geneca Pharma ;Medicamentos;Valoración HPLC;4C;CABINA;Cierre hermético. Protegido de la luz.;Ibuprofeno Compuesto Relacionado J;100%;USP ;R09260;1335596;2022-10-31;Vigente ;mg;25 mg ;9,0;6,3;Verde;SI;SI;SI ;31256
SRPR313;Healthy América ;Medicamentos;Valoración HPLC;2F2;FREEZER;Cierre hermético. Proteger de la luz. Freezer.;Cholecalciferol ;99,9%;USP ;R19690;1131009;2025-10-07;Vigente ;mg;30 mg;60,0;37,5;Azul;SI ;SI ;NO;Healthy America 
SRPR314;Healthy América ;Medicamentos;Valoración HPLC;2N;NEVERA;Cierre hermético. Proteger de la luz.Refrigerador.;Acido Alfa Lipoico ( Acid Alpha Lipoic );99,1%;USP;F1I018;1368201;2022-12-15;Vigente ;mg;500 mg;458,3;125,0;Verde;SI;SI;NO;Healthy America 
SRPR315;Healthy América ;Medicamentos;Valoración HPLC;2F2;FREEZER;Cierre hermético. Proteger de la luz. Material Higroscópico. Freezer.;Ginkgo Terpene Lactones;VER CERTIFICADO;USP;R088U0;1291559;2022-12-15;Vigente;mg;50mg;50,0;12,5;Verde;SI;SI;NO;Healthy America 
SRPR316;Geneca Pharma ;Medicamentos;Valoración - Imourezas HPLC;5C;CABINA;Cierre hermético;Ibuprofen;99,8%;USP;R13060;1335508;2022-12-23;Vigente;mg;750mg;600,4;187,5;Azul;SI;SI;SI;Geneca Pharma 
SRPR317;Geneca Pharma ;Medicamentos;Valoración - Imourezas HPLC;2C;CABINA;Cierre hermético  Proteger de la luz;Desloratadine.;99,8%;USP;F006W0;1173042;2023-01-11;Vigente;mg;200 mg ;200,0;50,0;Verde;SI;SI;SI;Geneca Pharma 
SRPR318;Geneca Pharma ;Medicamentos;Valoración - Imourezas HPLC;5N;NEVERA;Cierre hermético  Proteger de la luz. Refrigerador;Desloratadine Compund Related F.;99%;USP;R082U0;1173064;2023-01-11;Vigente;mg;50 mg;50,0;12,5;Verde;SI;SI;SI;Geneca Pharma 
SRPR319;Healthy América  ;Alimentos y/o Suplementos;Valoración (STD CUALITATIVO);2N;NEVERA;Cierre hermético  Proteger de la luz. Refrigerador;Vitamina D Assay System Suitability;;;;;;;mg;1500 mg ;0,0;375,0;Verde;SI;SI;NO;Healthy America 
SRPR320;Bausch Health ;Medicamentos;Valoración ;5 C;CABINA;Cierre hermético  Proteger de la luz;Risperidona ;;;;;;;mg;100 mg ;0,0;50,0;Azul;SI ;SI ;NO ;Cliente 
SRPR321;"West Química
 (Estabilidad y Validaciones West) ";Medicamentos;Valoración ;2N;NEVERA;Cierre hermético Proteger de la luz bien refrigerado ;P-CHOROANILINE;100%;USP ;R148T0;1111908;2023-10-26;Vigente ;mg;200 mg;103,2;50,0;Azul;SI ;SI ;NO ;West Quimica 
SRPR322;West Química EV West;Medicamentos;Valoración y Límite de p-Cloroanilina;2N;NEVERA;Manipular en un lugar seco. Cierre hermético. Proteger de la luz. Refrigerado ;CLORHEXIDINE ACETATE ;97%;USP;R213E0;1111103;2026-06-17;Vigente ;mg;200 mg;200,0;50,0;Azul;SI ;SI ;NO;West Quimica 
SRPR323;Syntofarma;Medicamentos;Valoración ;6N;NEVERA;Proteger de la luz. Refrigerador +5°C ± 3°C;Butylhydroxyanisole CRS;Ver Certificado;EP ;5;B1212000;2023-11-10;Vigente ;mg;60 mg ;29,6;15,0;Azul;SI ;SI ;NO ;Syntofarma 
SRPR324;Bausch Health ;Medicamentos;I-O ;6 N;NEVERA;Cierre hermético , Proteger de la luz, Higroscopico, refrigerado ;Ezetimibe System Suitability Mixture;;;;;;;mg;20 mg ;0,0;15,0;Verde;SI ;SI ;NO;Cliente 
SRPR325;Syntofarma;Medicamentos;I-O- C Valoración;6C;CABINA;Cierre hermético. Mantener bien cerrado ;Cefalexina; 99,9%;USP ;R118P0;1099008;2025-02-20;Vigente ;mg;400 mg ;313,9;15,0;Azul;SI ;SI ;N/A;Syntofarma 
SRPR326;Bausch Health ;Medicamentos;Valoración ;4C;CABINA;Mantener bien cerrado.Proteger de la luz ;Ritonavir ;99,8%;USP ; R16000;1604803;2024-06-19;Vigente ;mg;200 mg ;217,5;50,0;Verde;SI ;SI ;N/A;Bausch Health 
SRPR327;Bausch Health ;Medicamentos;Valoración ;4C;CABINA;Mantener bien cerrado.Proteger de la luz ;Ritonavir Related Compounds Mixture ;Cualitativo ;USP ;R144E0;1604814;2024-06-19;Vigente ;mg;50 mg ;9,7;12,5;Verde;SI ;SI ;N/A;Bausch Health 
SRPR328;Bausch Health ;Medicamentos;Valoración ;4N;NEVERA;"
Refrigerador  2 °C a 8 °C";Fluvoxamine Maleate Impurity Standard;Cualitativo ; BP;3099;671;2024-07-19;Vigente ;mg;100 mg;67,8;12,5;Azul ;SI ;SI ;N/A;Bausch Health 
SRPR329;Bausch Health ;Medicamentos;Valoración ;4 N;NEVERA;"
Refrigerador  2 °C a 8 °C";Fluvoxamine Impurity D;Cualitativo ;BP ;3912;1190;2024-07-19;Vigente ;mg;25 mg;23,0;12,5;Verde;SI ;SI ;N/A;Bausch Health 
SRPR330;Nutrabiotics ;Medicamentos;Valoración ;2 C ;CABINA;Proteger de la luz- mantener en envase bien cerrado.  ;L-Tyrosine ;;;;;;;mg;500 mg;0,0;62,5;Verde;SI ;SI ;NO;Nutrabiotics 
SRPR331;Nutrabiotics ;Medicamentos;Valoración ;6 N;NEVERA;;L-Phenylalanine;;;;;;;mg;;0,0;25,0;Verde;;;;Nutrabiotics 
SRPR332;Bausch Health ;Medicamentos;"Valoración 
(Sustancia controlada por FNE)";8C;CABINA;Mantener en envase bien cerrado-Proteger de la luz. ;Dihydrocodeine Bitartrate CII;99,8%;USP;J1K044;1200804;2024-08-28;Vigente ;mg;200 mg ;17,3;12,5;Verde;SI ;SI ;NO;Bausch Health 
SRPR333;Bausch Health ;Medicamentos;Valoración - UC;4C;CABINA;Mantener en envase bien cerrado-Proteger de la luz. ;Bisacodyl;99,6%;USP;R16070;1074007;2024-10-08;Vigente ;mg;125 mg;75,0;31,3;Verde;SI;SI;NO;Bausch Health 
SRPR334;Nutrabiotics Fisicoquimico. ;Medicamentos;Valoración ;7N;NEVERA;Almacenar en lugar seco y oscuro a una temperatura de <+8 °C;Harpagóside ;97,1%;Extrasynthese;25;0229 S;2025-10-29;2029-04-30;mg;20 mg;15,4;10,0;Azul ;SI;SI;N/A;Nutrabiotics 
SRPR335;Bausch Health ;Medicamentos;Valoración ;1C;CABINA;Mantener en envase bien cerrado-Proteger de la luz. ;Zidovudine Related Compound C;100% ;USP ;R01930;1724532;2025-01-07;Vigente ;mg;100 mg ;70,6;25,0;Verde ;SI;SI;N/A;Bausch Health 
SRPR336;Bausch Health ;Medicamentos;Valoración (Sustancia controlada por FNE);1C;CABINA;Almacenar en un contenedor bien cerrado y protegido de la luz. ;Methotrimeprazine;100% ;USP ;R151C0;1415006;2024-10-21;Vigente ;mg;200 mg ;57,9;50,0;Azul ;SI;SI;N/A;Bausch Health 
SRPR337;Megalabs;Medicamentos;Valoración ;1C;CABINA;Una vez abierto, guárdelo en un recipiente bien cerrado y protéjalo de la luz.;Phenoxyethanol ;99,8%;USP ;R121U0;1526200;2024-10-22;Vigente ;mg;500 mg ;252,1;125,0;Verde;SI;SI;N/A;Megalabs 
SRPR338;Bausch Health ;Medicamentos;Valoración ;1 C;CABINA;Manipular por debajo del 60% de humedad relativa, mantener el envase bien cerrado. ;Sucrose;;;;;;No Hay;mg ;;0,0;16,3;Verde;SI ;SI ;NO;Bausch Health 
SRPR339;Bausch Health ;;;;;;Anhydrous Lactose ;;;;;;;mg;;0,0;15,3;Verde;;;;Bausch Health 
SRPR340;Bausch Health ;Medicamentos;Valoración ;5 N;NEVERA;Mantener en el recipiente original, proteger de la luz , mantener siempre en cadena de frio (+5°C±+3°C). ;Fructose ;100% ;EP ;2.0;F0550000;2024-11-01;Vigente ;mg;100 mg ;100,0;25,0;Verde;SI ;SI ;NO;Bausch Health 
SRPR341;Bausch Health ;Medicamentos;Valoración (Sustancia controlada por FNE) ;1 C;CABINA;Almacenar en un contenedor bien cerrado. ;Clozapine ;99,8%;USP;R124A0;1142107;2025-03-27;Vigente ;mg;100 mg ;71,2;0,0;Verde;SI ;SI ;NO;Bausch Health 
SRPR342;Bausch Health ;Medicamentos;Valoración ;3.N;NEVERA;Almacenar en un contenedor bien cerrado y protegido de la luz y guardar en refrigeración ;Aripiprazole Related Compound G;Uso Cualitativo;USP;R131K0;1042690;2024-12-10;Vigente ;mg;10 mg ;20,1;2,5;Verde;SI ;SI ;NO;Bausch Health 
SRPR343;Bausch Health ;Medicamentos;Valoración ;3.N;NEVERA;Almacenar protegido de la luz y guardar en refrigeración ;Aripiprazole Related Compound F;Uso Cualitativo;USP;R079V0;1042689;2024-12-10;Vigente ;mg;10 mg;20,1;2,5;Verde;SI ;SI ;NO;Bausch Health 
SRPR344;Bausch Health ;Medicamentos;Valoración ;7C;CABINA;Después de abierta la ampolla almacenar en un recipiente bien cerrado en un desecador;Ethylene Glycol;100%;USP;R211M0;1265515;2025-01-02;Vigente ;mL;0,5 ml;0,5;0,1;Verde;SI ;SI ;NO ;Bausch Health 
SRPR345;Bausch Health ;Medicamentos;Valoración ;7C;CABINA;Después de abierta la ampolla almacenar en un recipiente bien cerrado en un desecador;Diethylene Glycol;100%;USP;R147W0;1193265;2025-01-02;2027-02-28;ml;0,2 ml ;0,4;0,1;Verde- Azul;SI ;SI ;NO ;Bausch Health 
SRPR346;Bausch Health ;Medicamentos;Valoración ;7.C;CABINA;Después de abierta la ampolla almacenar en un recipiente bien cerrado en un desecador;Butane -1,3- Diol ;;;;;;;mg;1 ml;0,0;0,3;Verde;SI ;SI ;NO ;Bausch Health 
SRPR347;Ophtha;Medicamentos;Valoración ;1.N;NEVERA;Almacenar en un contenedor bien cerrado y guardar en refrigeración. ;Meloxicam ;99,8%;USP;R11690;1379401;2025-01-17;Vigente ;mg;400 mg;124,7;100,0;Azul ;SI ;SI ;NO ;Ophtha
SRPR348;Bausch Health ;Medicamentos;Valoración HPLC - Disolución;4N;NEVERA;Almacenar en un contenedor bien cerrado. Material Higroscópico y guardar en refrigeración. ;Atazanavir Sulfate ;99,6% ;USP;R145Q0;1044334;2025-02-11;Vigente ;mg;200 mg;38,0;100,0;Azul - Blanco;SI ;SI ;NO ;Bausch Health 
SRPR349;Bausch Health ;Medicamentos;ID (tR) -Valoración HPLC - Disolución;7C;CABINA;Almacenar en un contenedor bien cerrado. Proteger de la luz.;Efavirenz;99,7%;USP;R09740;1234103;2025-03-04;Vigente ;mg;200 mg;619,5;200,0;Verde- Azul;SI;SI;NO;Bausch Health 
SRPR350;Bausch Health ;Medicamentos;ID (tR) -Valoración HPLC - Disolución;2N;NEVERA;Almacenar en un contenedor bien cerrado. Proteger de la Luz. Material Higroscópico y guardar en refrigeración. ;Valsartán;99,7%;USP;R14830;1708762;2025-03-04;2026-08-31;mg;350 mg;414,8;175,0;Azul ;SI;SI;NO;Bausch Health 
SRPR351;Nutrabiotics EV. ;Medicamentos;Valoración ;7N;NEVERA;Almacenar en lugar seco y oscuro a una temperatura de <+8 °C;Harpagóside ;97,1%;Extrasynthese;25;0229 S;2025-09-02;2029-04-30;mg;20 mg;110,9;10,0;Azul ;SI;SI;N/A;Nutrabiotics 
SRPR352;Bausch Health ;Medicamentos;Contenido de Anilina, 2-Aminofenol y 4-Aminofenol;4.N;NEVERA;Mantener en el envase original. Proteger de la luz.  Refrigerador  +5°C ± 3°C.;Mesalazine Impurity C CRS ( 2-Aminofenol) ;Ver Certificado;EP ;2;Y0001569;2025-04-02;Vigente ;mg;15 mg;59,8;12,5;Azul ;SI;SI;NO;Bausch Health 
SRPR353;Bausch Health ;Medicamentos;Contenido de Anilina, 2-Aminofenol y 4-Aminofenol;7.C ;CABINA;Proteger de la luz, después de abierto almacenar el material en un recipiente herméticamente cerrado bajo un gas inerte ;4- Aminophenol ;100%;USP ;R136K0;1021204;2025-04-02;Vigente ;mg;100 mg;79,4;12,5;Azul ;SI;SI;NO;Bausch Health 
SRPR354;Bausch Health ;Medicamentos;Contenido de Anilina, 2-Aminofenol y 4-Aminofenol;2.C;CABINA;Proteger de la luz;Aniline;100%;USP ;R090N0;1036110;2025-04-02;Vigente ;mg;250 mg;195,4;12,5;Azul ;SI;SI;NO;Bausch Health 
SRPR355;Syntofarma;Medicamentos;Valoración ;2F1;FREEZER;Mantener el contenedor bien cerrado. Protegido de la luz. Almacenar en Freezer;Cefadroxil ;94,7%;USP;R14310;1097104;2025-04-09;Vigente;mg;200 mg ;63,0;12,5;Azul ;SI;SI;NO;Syntofarma 
SRPR356;CECIF;Medicamento ;Valoración ;6.N;NEVERA;Mantener el contenedor bien cerrado. Almacenar en refrigerador. Mantener alejado de los álcali.  ;Metformin Hydrochloride;99,8% ;USP;R178B0;1396309;2025-04-08;Vigente;mg;200 mg ;6,4;12,5;Verde;SI;SI;SI ;3356112
SRPR357;Nutrabiotics;Medicamento ; Valoración - Impurezas organicas (Remsol);2F1;FREEZER;-20°C o mas frio;Cannabidiol Standard ;;;;;;;mg;;0,0;0,3;Azul ;;;SI ;3357113
SRPR358;Nutrabiotics;Medicamento ; Valoración - Impurezas organicas (Remsol);2F1;FREEZER;-10°C o mas frio ;Cannabinol Standard ;;;;34010;;;ml;1 ml ;0,0;0,3;Azul ;;;;3358114
SRPR359;CECIF;Metrología ;Equipo de DSC;5.1;Estante ;Almacenar a tempertura Ambiente;Zinc Pills ;99,995%;Fluorsid ;WE 18418;´00119441;2025-05-07;2027-04-30;mg ;1 Caja;1048,5;0,0;Verde;SI ;SI;NO ;Donación 
SRPR360;CECIF;Metrología ;Equipo de DSC;5.1;Estante ;Almacenar a tempertura Ambiente;Indium Pills ;99,999%;Fluorsid ;WE18372;´00119442;2025-05-07;2027-06-30;mg;1 Caja ;1177,5;0,0;Verde;SI;SI ;NO ;Donación 
SRPR361;ECAR;Medicamento ;Valoración;3C;CABINA;Mantener en un recipiente cerrado;Ketoconazole;99,8%;USP;R134A0;1356508;2025-05-09;Vigente;mg;200 mg;1,2;25,0;Azul;SI;SI;NO;Cliente
SRPR362;Lelve;Medicamento ;Valoración;6C;CABINA;Material higroscópico. Mantener el contenedor bien cerrado. ;Magnesium Sulfate ;100%;USP;R212H0;1374361;2025-05-23;Vigente;mg;1000 mg;1297,4;250,0;Verde;SI;SI;SI ;3359115
SRPR363;Bausch Health EV;Medicamento ; Valoración - Impurezas organicas. ;2.N;NEVERA;Mantener en un recipiente cerrado, Proteger de la luz. Almacenar en refrigerador.;Lamotrigine Related Compound C ;99,0%;USP;R163P0;1356789;2025-05-28;Vigente ;mg;10 mg;44,1;1,3;Verde;SI;SI;NO ;Bausch Health 
SRPR364;Nutrabiotics Fisicoquimico. ;Medicamento ; Valoración - Impurezas organicas. ;8.N;NEVERA;valoración e Impurezas Orgánicas para MT Cannabidiol (CBD) y PT Remsol;Delta-8-Tetrahydrocannabinol (THC) Standard ;Ver certificado ;RESTEK;A0223277;34090;2025-06-10;2027-03-31;mL;1 mL;1,8;1,3;Azul ;SI;SI;SI ;3359116
SRPR365;Nutrabiotics Fisicoquimico. ;Medicamento ; Valoración - Impurezas organicas. ;8.N;NEVERA;valoración e Impurezas Orgánicas para MT Cannabidiol (CBD) y PT Remsol;Delta-9-(THC) Standard ;Ver certificado ;RESTEK;A0219382;34067;2025-06-10;2026-11-30;mL;1 mL;1,8;0,3;Azul ;SI;SI;SI ;3359117
SRPR366;Nutrabiotics Fisicoquimico. ;Medicamento ;valoración e Impurezas Orgánicas para MT Cannabidiol (CBD) y PT Remsol;2F3;FREEZER;-20°C ;THCA-A- Standard ;Ver certificado ;RESTEK;´0710104;34111;2025-06-10;2027-05-17;mL;1 mL;1,8;0,3;Rojo;SI;SI;SI ;3359118
SRPR367;Nutrabiotics Estabilidad y Validaciones ;Medicamentos;Valoración ;7N;NEVERA;Almacenar en lugar seco y oscuro a una temperatura de <+8 °C;Harpagóside ;;;;;;;mg;;0,0;5,0;Azul ;;;N/A;Nutrabiotics 
SRPR368;Nutrabiotics EV. ;Medicamentos;Identificación por TLC;3C;CABINA;Mantener en un recipiente cerrado;Tromethamine;Cualitativo ;USP;R104D0;1698002;2025-06-26;2026-07-31;mg;125 mg;125,0;25,0;Verde;SI;SI;N/A;3359119
SRPR369;Syntofarma (Proyecto MAMUT) - Proyecto Cefadroxilo PPSO;Medicamentos;Sustancias Relacionadas Cefadroxilo;1N;NEVERA;Refrigerador (2 a 8 °C);Cefadroxil;93,8%;BP ;4414;784;2025-06-27;Vigente;mg;100 mg;20,8;25,0;Azul ;SI;SI;NO;Syntofarma 
SRPR370;Syntofarma (Proyecto MAMUT) - Proyecto Cefadroxilo PPSO;Medicamentos;Sustancias Relacionadas Cefadroxilo;2N;NEVERA;Refrigerador (2 a 8 °C);7-AMINODESACETOXYCEPHALOSPORANIC ACID;100 %;BP;3109;011;2025-06-27;Vigente;mg;20 mg;0,0;5,0;Azul ;SI;SI;NO;Syntofarma 
SRPR371;Syntofarma (Proyecto MAMUT) - Proyecto Cefadroxilo PPSO;Medicamentos;Sustancias Relacionadas Cefadroxilo;7N;NEVERA;Refrigerador (2 a 8 °C);(D-α-(4-HYDROXYPHENYL)GLYCINE);100 %;BP;2941;829;2025-06-27;Vigente;mg;50 mg;0,0;12,5;Verde;SI;SI;NO;Syntofarma 
SRPR372;Syntofarma (Proyecto MAMUT) - Proyecto Cefadroxilo PPSO;Medicamentos;Cuantificación de Metilparabeno ;7C;CABINA;Mantener en un lugar cerrado. Proteger de la Luz.;METHYLPARABEN;99,8%;USP;R098B0;1432005;2025-06-27;Vigente;mg;125 mg;120,6;31,3;Verde;SI;SI;NO;Syntofarma 
SRPR373;Syntofarma (Proyecto MAMUT)- Proyecto Amoxicilina Cápsulas;Medicamentos;I.O en el PT Amoxicilina Cápsulas x 500 mg;2N;NEVERA;Refrigerador (2 a 8 °C);Amoxicillin Trihydrate ;85,7%;BP;4594;19;2025-07-04;2026-06-27;mg;500 mg;0,0;125,0;Azul ;SI;SI;NO;Syntofarma 
SRPR374;Syntofarma (Proyecto MAMUT) - Proyecto Amoxicilina Cápsulas;Medicamentos;I.O en el PT Amoxicilina Cápsulas x 500 mg;1N;NEVERA;Refrigerador (2 a 8 °C);Cefadroxil;93,8%;BP ;4414;784;2025-07-04;Vigente;mg;100 mg;144,4;50,0;Azul ;SI;SI;NO;Syntofarma 
SRPR375;Syntofarma (Proyecto MAMUT) - Proyecto Amoxicilina Cápsulas;Medicamentos;Valoración de Amoxicilina Cápsulas;2F1;FREEZER;Mantener en un recipiente cerrado. Proteger de la luz. Almacenar en freezer;Amoxicillin;86,9%;USP;R106H0;1031503;2025-07-08;2026-08-31;mg;200 mg;0,0;50,0;Azul ;SI;SI;NO;Syntofarma 
SRPR376;Syntofarma (Proyecto MAMUT) - Proyecto Dicloxacilina 250 mg /5 mL PPSO;Medicamentos;I.O en el PT Dicloxacilina 250 mg /5 mL PPSO;2F1;FREEZER;Mantener en un recipiente cerrado. Proteger de la luz. Almacenar en freezer. Material Higroscópico. Manejar una humedad relativa por debajo de 30%. ;Dicloxacillin Sodium;;USP;;1189009;;;mg;300 mg;0,0;75,0;Azul ;;;NO;Syntofarma 
SRPR377;Syntofarma (Proyecto MAMUT) - Proyecto Dicloxacilina 250 mg /5 mL PPSO;Medicamentos;I.O en el PT Dicloxacilina 250 mg /5 mL PPSO;7N;NEVERA;Mantener en un recipiente cerrado. Proteger de la luz. Almacenar en refrigerador;Dicloxacillin Related Compound D;Cualitativo ;USP;F01780;1189053;2025-07-08;2026-12-31;mg;15 mg;9,9;3,8;Verde;SI;SI;NO;Syntofarma 
SRPR378;Syntofarma (Proyecto MAMUT) - Proyecto Dicloxacilina 250 mg /5 mL PPSO;Medicamentos;Cuantificación de Metilparabeno ;2C;CABINA;Mantener en un recipiente cerrado. Proteger de la luz. ;Methylparaben;99,8%;USP;R098B0;1432005;2025-07-08;Vigente;mg;125 mg;205,4;31,3;Verde;SI;SI;NO;Syntofarma 
SRPR379;Bausch Health ;Medicamentos; Valoración, ID A y B, disolución e impurezas orgánicas de Mesalamina, en el producto terminado Mesalamina Supositorios;2C;CABINA;Mantener en un recipiente cerrado. Proteger de la luz. ;Mesalamine;99,9%;USP;R001T0;1392705;2025-07-17;Vigente;mg;200mg;389,0;50,0;Verde;SI;SI;NO;Bausch Health 
SRPR380;Bausch Health ;Medicamentos; Valoración, ID A y B, disolución e impurezas orgánicas de Mesalamina, en el producto terminado Mesalamina Supositorios;3N;NEVERA;Mantener en un recipiente cerrado. Proteger de la luz. ;3-Aminosalicylic Acid ;Cualitativo ;USP;F18180;1026412;2025-07-17;Vigente;mg;15mg;75,0;3,8;Verde;SI;SI;NO;Bausch Health 
SRPR381;Syntofarma (Proyecto MAMUT) - Proyecto  Amoxicilina 125 mg y Ácido Clavulánico 31,25 mg PPSO;Medicamentos;I.O de Amoxicilina y Ácido clavulánico en el PTAmoxicilina 125 mg y Ácido Clavulánico 31,25 mg PPSO;8N;NEVERA;Refrigerador (2 a 8 °C);Cefadroxil;93,8%;BP;4414;784;2025-07-24;Vigente;mg;100 mg;143,9;25,0;Azul ;SI;SI;NO;Syntofarma 
SRPR382;Syntofarma (Proyecto MAMUT) - Proyecto  Amoxicilina 125 mg y Ácido Clavulánico 31,25 mg PPSO;Medicamentos;I.O de Amoxicilina y Ácido clavulánico en el PTAmoxicilina 125 mg y Ácido Clavulánico 31,25 mg PPSO;8N;NEVERA;Refrigerador (2 a 8 °C);Amoxicillin Trihydrate ;85,7%;BP;4594;19;2025-07-24;;mg;500 mg;0,0;125,0;Azul ;SI;SI;NO;Syntofarma 
SRPR383;Syntofarma (Proyecto MAMUT) - Proyecto  Amoxicilina 125 mg y Ácido Clavulánico 31,25 mg PPSO;Medicamentos;I.O de Amoxicilina y Ácido clavulánico en el PTAmoxicilina 125 mg y Ácido Clavulánico 31,25 mg PPSO;8N;NEVERA;Mantener en el recipiente original de +5°C ± 3 °C. proteger de la luz.;Lithium Clavulanate CRS;97,1%;EP;9.0;L0720000;2025-07-24;Vigente;mg;125 mg;26,3;31,3;Azul ;SI;SI;NO;Syntofarma 
SRPR384;Syntofarma (Proyecto MAMUT) - Proyecto   Dicloxacilina 500 mg cápsulas;Medicamentos;I.O  de Dicloxacilina en Dicloxacilina 500 mg cápsulas;8N;NEVERA;Mantener en un recipiente cerrado. Proteger de la luz. Almacenar en Refrigerador;Dicloxacillin Related Compound D;Cualitativo ;USP;F01780;1189053;2025-07-24;2026-12-31;mg;15 mg;6,4;3,8;Verde;SI;SI;NO;Syntofarma 
SRPR385;Syntofarma (Proyecto MAMUT) - Proyecto   Dicloxacilina 500 mg cápsulas;Medicamentos;I.O  de Dicloxacilina en Dicloxacilina 500 mg cápsulas;2F2;FREEZER;Mantener en un recipiente cerrado. Proteger de la luz. Almacenar en freezer. Material Higroscópico. Manejar una humedad relativa por debajo de 30%. ;Dicloxacillin Sodium;;USP;;1189009;;;mg;300 mg;0,0;75,0;Azul ;;;NO;Syntofarma 
SRPR386;Nutrabiotics EV. ;Medicamentos;Verificación metodología de I.O para la materia prima SAL DE TROMETAMINA;8N;NEVERA;Mantener en el recipiente original de +5°C ± 3 °C. proteger de la luz.;Thioctic Acid Containing Impurity B CRS;Cualitativo ;EP;3.0;Y0000545;2025-08-22;Vigente ;mg;25 mg;54,8;6,3;Verde;SI;SI;NO;Nutrabiotics 
SRPR387;Nutrabiotics EV. ;Medicamentos;Verificación metodología de I.O para la materia prima SAL DE TROMETAMINA;8N;NEVERA;Mantener en el recipiente original de +5°C ± 3 °C. proteger de la luz.;Thioctic Acid CRS;99,9%;EP;3.0;Y0000546;2025-08-22;2026-06-30;mg;110 mg;0,0;27,5;Verde;SI;SI;NO;Nutrabiotics 
SRPR388;Nutrabiotics EV. ;Medicamentos;Verificación metodología de I.O para la materia prima SAL DE TROMETAMINA;8N;NEVERA;Mantener en el recipiente original de +5°C ± 3 °C. proteger de la luz.;Thioctic acid for system suitability CRS;Cualitativo ;EP;3.0;Y0000592;2025-08-22;Vigente ;mg;15mg;0,0;3,8;Verde;SI;SI;NO;Nutrabiotics 
SRPR389;Syntofarma (Proyecto MAMUT) - Proyecto   Amoxicilina 250mg/5mL PPSO y Amoxicilina 500 mg/5mL PPSO;Medicamentos;I.O de Amoxicilina en Amoxicilina 250mg/5mL PPSO y Amoxicilina 500 mg/5mL PPSO;9N;NEVERA;Refrigerador (2 a 8 °C);Amoxicillin Trihydrate ;85,7%;BP;4594;19;2025-09-09;2026-06-27;mg;500mg;0,0;125,0;Azul ;SI;SI;NO;Syntofarma 
SRPR390;Syntofarma (Proyecto MAMUT) - Proyecto   Amoxicilina 250mg/5mL PPSO y Amoxicilina 500 mg/5mL PPSO;Medicamentos;I.O de Amoxicilina en Amoxicilina 250mg/5mL PPSO y Amoxicilina 500 mg/5mL PPSO;9N;NEVERA;Refrigerador (2 a 8 °C);Cefadroxil;93,8%;BP;4414;784;2025-09-09;Vigente;mg;100mg;184,9;50,0;Azul ;SI;SI;NO;Syntofarma 
SRPR391;"West Química 
 (Estabilidad y Validaciones West)";Medicamentos;Valoración HPLC;4N;NEVERA;Proteger de la luz. Refrigerador. Este material es higroscópico;Chlorhexidine System Suitability Mixture;Cualitativo ;USP;R14920;1111012;2025-09-10;Vigente;mg;50 mg;50,0;12,5;Blanco;SI;SI;NO;West Quimica 
SRPR392;"Syntofarma (Proyecto MAMUT) - Proyecto impurezas orgánicas de Amoxicilina y Clavulanato Potásico, en el producto terminado Amoxicilina 500mg + Ácido Clavulánico
125mg Tabletas y Amoxicilina 875mg + ácido clavulánico 125mg Tab ";Medicamentos;"I.O de de Amoxicilina y Clavulanato Potásico, en el producto terminado Amoxicilina 500mg + Ácido Clavulánico
125mg Tabletas y Amoxicilina 875mg + ácido clavulánico 125mg Tab ";5N;NEVERA;Refrigerador (2 a 8 °C);Cefadroxil;93,8%;BP;4414;784;2025-09-11;Vigente;mg;100mg;95,1;25,0;Azul ;SI;SI;NO;Syntofarma 
SRPR393;"Syntofarma (Proyecto MAMUT) - Proyecto impurezas orgánicas de Amoxicilina y Clavulanato Potásico, en el producto terminado Amoxicilina 500mg + Ácido Clavulánico
125mg Tabletas y Amoxicilina 875mg + ácido clavulánico 125mg Tab ";Medicamentos;"I.O de de Amoxicilina y Clavulanato Potásico, en el producto terminado Amoxicilina 500mg + Ácido Clavulánico
125mg Tabletas y Amoxicilina 875mg + ácido clavulánico 125mg Tab ";5N;NEVERA;Refrigerador (2 a 8 °C);Amoxicillin Trihydrate ;85,7%;BP;4594;19;2025-09-11;2026-06-27;mg;500 mg;0,0;125,0;Azul ;SI;SI;NO;Syntofarma 
SRPR394;"Syntofarma (Proyecto MAMUT) - Proyecto impurezas orgánicas de Amoxicilina y Clavulanato Potásico, en el producto terminado Amoxicilina 500mg + Ácido Clavulánico
125mg Tabletas y Amoxicilina 875mg + ácido clavulánico 125mg Tab ";Medicamentos;"I.O de de Amoxicilina y Clavulanato Potásico, en el producto terminado Amoxicilina 500mg + Ácido Clavulánico
125mg Tabletas y Amoxicilina 875mg + ácido clavulánico 125mg Tab ";5N;NEVERA;Mantener en el recipiente original de +5°C ± 3 °C. proteger de la luz.;Lithium Clavulanate CRS;97,1%;EP;9.0;L0720000;2025-09-11;Vigente;mg;125 mg;367,5;93,8;Azul ;SI;SI;NO;Syntofarma 
SRPR395;Syntofarma (Proyecto MAMUT) - Impurezas orgánicas por HPLC-UV de cefalexina según BP, en el producto terminado Cefalexina Cápsulas;Medicamentos;Impurezas orgánicas por HPLC-UV de cefalexina según BP, en el producto terminado Cefalexina Cápsulas;8N;NEVERA;Refrigerador (2 a 8 °C);7-AMINODESACETOXYCEPHALOSPORANIC ACID;100 %;BP;3109;011;2025-10-07;Vigente;mg;20 mg;0,0;5,0;Azul ;SI;SI;NO;Syntofarma 
SRPR396;Syntofarma (Proyecto MAMUT) - Impurezas orgánicas por HPLC-UV de cefalexina según BP, en el producto terminado Cefalexina Cápsulas;Medicamentos;Impurezas orgánicas por HPLC-UV de cefalexina según BP, en el producto terminado Cefalexina Cápsulas;8N;NEVERA;Mantener en el recipiente original de +5°C ± 3 °C. proteger de la luz.;Cefotaxime sodium CRS;Cualitativo ;EP;6;C0685000;2025-10-07;Vigente;mg;20 mg;25,5;25,0;Verde;SI;SI;NO;Syntofarma 
SRPR397;Syntofarma (Proyecto MAMUT) -  Impurezas orgánicas por HPLC-UV de cefalexina según USP para la  cuantificación de Metilparabeno , en el producto terminado Cefalexina PPSO;Medicamentos;Impurezas orgánicas por HPLC-UV de cefalexina según BP  para la  cuantificación de Metilparabeno , en el producto terminado Cefalexina PPSO;1C;CABINA;Mantener en un recipiente cerrado. Proteger de la luz. ;Methylparaben;99,8%;USP;R098B0;1432005;2025-11-07;Vigente;mg;125 mg;522,8;31,3;Verde;SI;SI;NO;Syntofarma 
SRPR398;Syntofarma (Proyecto MAMUT) -  Impurezas orgánicas por HPLC-UV de cefalexina según BP  para la  cuantificación de Metilparabeno , en el producto terminado Cefalexina PPSO;Medicamentos;Impurezas orgánicas por HPLC-UV de cefalexina según BP  para la  cuantificación de Metilparabeno , en el producto terminado Cefalexina PPSO;9N;NEVERA;Mantener en el recipiente original de +5°C ± 3 °C. proteger de la luz.;Cefotaxime sodium CRS;Cualitativo ;EP;6;C0685000;2025-10-10;Vigente;mg;20 mg;70,0;5,0;Verde;SI;SI;NO;Syntofarma 
SRPR399;Syntofarma (Proyecto MAMUT) -  Impurezas orgánicas por HPLC-UV de cefalexina según BP  para la  cuantificación de Metilparabeno , en el producto terminado Cefalexina PPSO;Medicamentos;Impurezas orgánicas por HPLC-UV de cefalexina según BP  para la  cuantificación de Metilparabeno , en el producto terminado Cefalexina PPSO;9N;NEVERA;Refrigerador (2 a 8 °C);7-AMINODESACETOXYCEPHALOSPORANIC ACID;100 %;BP;3109;011;2025-10-10;Vigente;mg;20 mg;79,9;5,0;Azul ;SI;SI;NO;Syntofarma 
SRPR400;Syntofarma (Proyecto MAMUT) - Impurezas orgánicas por HPLC-UV de cefalexina según BP, en el producto terminado Cefalexina Tabletas;Medicamentos;Impurezas orgánicas por HPLC-UV de cefalexina según BP, en el producto terminado Cefalexina Tabletas;2N;NEVERA;Refrigerador (2 a 8 °C);7-AMINODESACETOXYCEPHALOSPORANIC ACID;100 %;BP;3109;011;2025-10-10;Vigente;mg;20 mg;100,0;5,0;Azul ;SI;SI;NO;Syntofarma 
SRPR401;Syntofarma (Proyecto MAMUT) - Impurezas orgánicas por HPLC-UV de cefalexina según BP, en el producto terminado Cefalexina Tabletas;Medicamentos;Impurezas orgánicas por HPLC-UV de cefalexina según BP, en el producto terminado Cefalexina Tabletas;2N;NEVERA;Mantener en el recipiente original de +5°C ± 3 °C. proteger de la luz.;Cefotaxime sodium CRS;Cualitativo ;EP;6;C0685000;2025-10-10;Vigente;mg;20 mg;100,0;5,0;Verde;SI;SI;NO;Syntofarma 
SRPR402;"Syntofarma (Proyecto MAMUT) - Estabilidad  de Cefadroxilo
 250 mg/5 mL PPSO ";Medicamentos;"Estabilidad  de Cefadroxilo
 250 mg/5 mL PPSO";8N;NEVERA;Refrigerador (2 a 8 °C);Cefadroxil;93,8%;BP;4414;784;2025-10-23;Vigente;mg;100mg;233,2;25,0;Azul ;SI;SI;NO;Syntofarma 
SRPR403;"Syntofarma (Proyecto MAMUT) - Estabilidad  de Cefadroxilo
 250 mg/5 mL PPSO ";Medicamentos;"Estabilidad  de Cefadroxilo
 250 mg/5 mL PPSO";5C;CABINA;Mantener en un recipiente cerrado. Proteger de la luz. ;Methylparaben;99,8%;USP;R098B0;1432005;2023-10-23;Vigente;mg;125 mg;234,2;31,3;Verde;SI;SI;NO;Syntofarma 
SRPR404;"Syntofarma (Proyecto MAMUT) - Estabilidad  de Cefadroxilo
 250 mg/5 mL PPSO ";Medicamentos;"Estabilidad  de Cefadroxilo
 250 mg/5 mL PPSO";8N;NEVERA;Refrigerador (2 a 8 °C);7-AMINODESACETOXYCEPHALOSPORANIC ACID;100 %;BP;3109;011;2025-10-23;Vigente;mg;20 mg;180,6;5,0;Azul ;SI;SI;NO;Syntofarma 
SRPR405;"Syntofarma (Proyecto MAMUT) - Validación de la metodología analítica de Sustancias Relacionadas por HPLC-UV de
Sultamicilina Tosilato, en el producto terminado Sultamicilina Tabletas 375 mg y 750 mg";Medicamentos;" Validación de la metodología analítica de Sustancias Relacionadas por HPLC-UV de
Sultamicilina Tosilato, en el producto terminado Sultamicilina Tabletas 375 mg y 750 mg";3N;NEVERA; Refrigerador +5°C ± 3°C Protegido de la luz;Sultamicillin Tosilate CRS;;;;;;;mg;;0,0;50,0;Verde;;;;Syntofarma 
SRPR406;"Syntofarma (Proyecto MAMUT) - Validación de la metodología analítica de Sustancias Relacionadas por HPLC-UV de
Sultamicilina Tosilato, en el producto terminado Sultamicilina Tabletas 375 mg y 750 mg";Medicamentos;" Validación de la metodología analítica de Sustancias Relacionadas por HPLC-UV de
Sultamicilina Tosilato, en el producto terminado Sultamicilina Tabletas 375 mg y 750 mg";7N;NEVERA; Refrigerador +5°C ± 3°C Protegido de la luz;Ampicillin Trihydrate CRS;100 %;EP;3;A1100000;2025-11-06;Vigente;mg;150;145,4;37,5;Verde;SI;SI;NO;Syntofarma 
SRPR407;"Syntofarma (Proyecto MAMUT) - Validación de la metodología analítica de Sustancias Relacionadas por HPLC-UV de
Sultamicilina Tosilato, en el producto terminado Sultamicilina Tabletas 375 mg y 750 mg";Medicamentos;" Validación de la metodología analítica de Sustancias Relacionadas por HPLC-UV de
Sultamicilina Tosilato, en el producto terminado Sultamicilina Tabletas 375 mg y 750 mg";2N;NEVERA; Refrigerador +5°C ± 3°C Protegido de la luz;Sultamicillin For Peak Identification CRS;;;;;;;mg;;0,0;0,0;Verde;;;;Syntofarma 
SRPR408;"Syntofarma (Proyecto MAMUT) - Validación de la metodología analítica de Sustancias Relacionadas por HPLC-UV de
Sultamicilina Tosilato, en el producto terminado Sultamicilina Tabletas 375 mg y 750 mg";Medicamentos;" Validación de la metodología analítica de Sustancias Relacionadas por HPLC-UV de
Sultamicilina Tosilato, en el producto terminado Sultamicilina Tabletas 375 mg y 750 mg";2F2;FREEZER;Freezer. -20°C ± 5°C Protegido de la luz;Sulbactam CRS ;99,7%;EP;3;Y0000528;2025-11-06;Vigente;mg;150;145,8;37,5;Verde;SI;SI;NO;Syntofarma 
SRPR409;Bausch Health ;Envases para Medicamentos;Calorímetro DSC;7C;CABINA;Manipule y almacene con cuidado para evitar rayar la superficie lisa de las tiras.;Low -Density Polyethylene;Cualitativo ;USP;R214T0;1546809;2025-11-13;Vigente;mg;3039,5;3034,5;759,9;Verde;SI;SI;NO;Bausch Health 
SRPR410;Bausch Health ;Envases para Medicamentos;Calorímetro DSC;7C;CABINA;Manipule y almacene con cuidado para evitar rayar la superficie lisa de las tiras.;Polyethylene Terephthalate;Cualitativo ;USP;R128N0;1546900;2025-11-13;Vigente;mg;4706,3;4690,9;1176,6;Verde;SI;SI;NO;Bausch Health 
SRPR411;Syntofarma (Proyecto MAMUT) - Análisis de Estabilidad de Amoxicilina 125 mg + Ácido Clavulánico 31.25 mg/5 mL PPSO y Amoxicilina 875 mg + Ácido Clavulánico 125 mg Tab ;Medicamentos;Análisis de Estabilidad de Amoxicilina 125 mg + Ácido Clavulánico 31.25 mg/5 mL PPSO y Amoxicilina 875 mg + Ácido Clavulánico 125 mg Tab ;3N;NEVERA;Mantener en el recipiente original de +5°C ± 3 °C. proteger de la luz.;Lithium Clavulanate CRS;97,1%;EP;9.0;L0720000;2025-11-26;Vigente;mg;125 mg;359,8;93,8;Azul ;SI;SI;NO;Syntofarma 
SRPR412;Syntofarma;Medicamentos;I-O (MP Cefuroxima Axetilo);2N;NEVERA;Mantener en un recipente cerrado. Refrigerador +5°C ± 3°C. Protegido de la luz;Isómeros E de cefuroxima axetilo ;Cualitativo ;USP;R147R0;1098253;2025-12-12;Vigente;mg;15 mg;10,1;3,8;Azul ;SI;SI;NO;Syntofarma 
SRPR413;Syntofarma (Proyecto MAMUT) - Análisis de Estabilidad de Cefadroxilo PPSO y Dicloxacilina Cápsulas;Medicamentos;Análisis de Estabilidad de Cefadroxilo PPSO y Dicloxacilina Cápsulas;8N;NEVERA;Mantener en un recipiente cerrado. Proteger de la luz. Almacenar en Refrigerador;Dicloxacillin Related Compound D;Cualitativo ;USP;F01780;1189053;2025-12-19;2026-12-31;mg;15 mg;30,0;3,8;Verde;SI;SI;NO;Syntofarma 
SRPR414;Syntofarma (Proyecto MAMUT) - Análisis de Estabilidad de Cefadroxilo PPSO y Dicloxacilina Cápsulas;Medicamentos;Análisis de Estabilidad de Cefadroxilo PPSO y Dicloxacilina Cápsulas;7N;NEVERA;Refrigerador (2 a 8 °C);(D-α-(4-HYDROXYPHENYL)GLYCINE);100 %;BP;2941;829;2025-12-19;Vigente;mg;50 mg;145,0;18,1;Azul ;SI;SI;NO;Syntofarma 
SRPR415;Syntofarma (Proyecto MAMUT) - Valoración e Impurezas para MP Cefixima ;Medicamentos;Valoración e Impurezas para MP Cefixima ;1N;NEVERA;Refrigerador (2 a 8 °C);Cefixime ;99,6%;USP ;R195U0;1097658;2026-01-15;Vigente;mg;500 mg;408,0;51,0;Azul ;SI;SI;NO;Syntofarma 
SRPR416;Syntofarma (Proyecto MAMUT) - Análisis Estabilidad de dicloxacilina 500 mg/Cap;Medicamentos; Análisis Estabilidad de dicloxacilina 500 mg/Cap;1N;NEVERA;Mantener en un recipiente cerrado. Proteger de la luz. Almacenar en Refrigerador;Dicloxacillin Related Compound D;Cualitativo ;USP ;F01780;1189053;2026-01-30;2026-12-31;mg;15 mg;30,0;3,8;Verde;SI;SI;NO;Syntofarma 
SRPR417;Syntofarma (Proyecto MAMUT) - Análisis Estabilidad de Cefalexina Cápsulas Sustancias Relacionadas  ;Medicamentos;Estabilidad de Cefalexina Cápsulas Sustancias Relacionadas  ;1N;NEVERA;Refrigerador (2 a 8 °C);7-AMINODESACETOXYCEPHALOSPORANIC ACID;100 %;BP;3109;011;2026-01-30;Vigente;mg;20 mg;40,0;5,0;Azul ;SI;SI;NO;Syntofarma 
SRPR418;Syntofarma (Proyecto MAMUT) - Análisis Estabilidad de Cefalexina Cápsulas Sustancias Relacionadas  ;Medicamentos;Estabilidad de Cefalexina Cápsulas Sustancias Relacionadas  ;2N;NEVERA;Mantener en el recipiente original de +5°C ± 3 °C. proteger de la luz.;Cefotaxime sodium CRS;Cualitativo ;EP;6;C0685000;2026-01-30;Vigente;mg;20 mg;40,0;5,0;Verde;SI;SI;NO;Syntofarma 
SRPR419;Syntofarma (Proyecto MAMUT) - Análisis Estabilidad de Cefalexina PPSO Sustancias Relacionadas  ;Medicamentos;Análisis Estabilidad de Cefalexina PPSO Sustancias Relacionadas  ;2N;NEVERA;Refrigerador (2 a 8 °C);7-AMINODESACETOXYCEPHALOSPORANIC ACID;100 %;BP;3109;011;2026-01-30;Vigente;mg;20 mg;69,6;8,7;Azul ;SI;SI;NO;Syntofarma 
SRPR420;Syntofarma (Proyecto MAMUT) - Análisis Estabilidad de Cefalexina PPSO Sustancias Relacionadas  ;Medicamentos;Análisis Estabilidad de Cefalexina PPSO Sustancias Relacionadas  ;9N;NEVERA;Mantener en el recipiente original de +5°C ± 3 °C. proteger de la luz.;Cefotaxime sodium CRS;Cualitativo ;EP;6;C0685000;2026-01-30;Vigente;mg;20 mg;59,4;7,4;Verde;SI;SI;NO;Syntofarma 
SRPR421;Syntofarma (Proyecto MAMUT) - Análisis Estabilidad de Cefalexina PPSO Sustancias Relacionadas  ;Medicamentos;Análisis Estabilidad de Cefalexina PPSO Sustancias Relacionadas  ;2C;CABINA;Mantener en un recipiente cerrado. Proteger de la luz. ;METHYLPARABEN;99,8%;USP;R098B0;1432005;2026-01-30;Vigente;mg;125 mg;250,0;31,3;Verde;SI;SI;NO;Syntofarma 
SRPR422;Syntofarma (Proyecto MAMUT) - Verificación del API Cefuroxima Axetilo Amorfo y Compresión directa  ;Medicamentos;Verificación del API Cefuroxima Axetilo Amorfo y Compresión directa  ;2F1;FREEZER;Protegido de la luz. Recipiente Hermético. Congelación;Cefuroxime Axetil Delta -3- Isomers;N/A (Cualitativo);USP ; R12220;1098231;2026-01-30;Vigente;mg;10 mg ;16,0;2,0;Azul;SI;SI ;N/A;Syntofarma 
SRPR423;Syntofarma (Proyecto MAMUT) - Validación de valoración de Cefuroxima tabletas ;Medicamentos;Validación de valoración de Cefuroxima tabletas ;2F1;FREEZER;Protegido de la luz. Recipiente Hermético. Congelación;Cefuroxime Axetil Delta -3- Isomers;N/A (Cualitativo);USP ; R12220;1098231;2026-01-30;Vigente;mg;10 mg ;50,0;6,3;Azul;SI;SI ;N/A;Syntofarma 
SRPR424;Syntofarma (Proyecto MAMUT) - Verificación del API Cefuroxima Axetilo Amorfo y Compresión directa  ;Medicamentos;Verificación del API Cefuroxima Axetilo Amorfo y Compresión directa ;9N;NEVERA;Mantener en un recipente cerrado. Refrigerador +5°C ± 3°C. Protegido de la luz;Isómeros E de cefuroxima axetilo ;Cualitativo ;USP;R147R0;1098253;2026-01-30;Vigente;mg;15 mg;6,0;0,8;Azul ;SI;SI;NO;Syntofarma 
SRPR425;Syntofarma (Proyecto MAMUT) -Validación de valoración de Cefuroxima tabletas ;Medicamentos;Validación de valoración de Cefuroxima tabletas ;9N;NEVERA;Cierre hermético. Protegido de la luz. Refrigeracion;Cefuroxime Axetil;82,3%;USP ;R011M0;1098220;2026-01-30;2027-03-31;mg;350 mg;700,0;87,5;Azul ;SI;SI;N/A;Syntofarma 
SRPR426;Syntofarma (Proyecto MAMUT) - Verificación del API Cefuroxima Axetilo Amorfo y Compresión directa  ;Medicamentos;Verificación del API Cefuroxima Axetilo Amorfo y Compresión directa ;9N;NEVERA;Cierre hermético. Protegido de la luz. Refrigeracion;Cefuroxime Axetil;82,3%;USP ;R011M0;1098220;2029-01-30;2027-03-31;mg;350 mg;234,1;29,3;Azul ;SI;SI;N/A;Syntofarma 
SRPR427;Syntofarma (Proyecto MAMUT) - Verificación de Dicloxacilina PPSO ;Medicamentos;Verificación de Dicloxacilina PPSO ;8N;NEVERA;"
Refrigerador (de 2 a 8 °C)";Dicloxacillin Sodium;Cualitativo ;BP;3428;810;2026-02-24;Vigente;mg;250 mg;250,0;31,3;Azul ;SI;SI;N/A;Syntofarma 
SRPR428;Syntofarma (Proyecto MAMUT) - Verificación de Dicloxacilina PPSO ;Medicamentos;Verificación de Dicloxacilina PPSO ;2F2;FREEZER;"
Congelador (de -15 °C a -25 °C)"; Flucloxacillin Sodium;"94,6% para HPLC
96,0% Para UV";BP;4735;158;2026-02-24;Vigente;mg;250 mg;233,2;29,2;Azul ;SI;SI;N/A;Syntofarma 
SRPR429;CECIF;Metrología ;Calificación de cromatógrafos gaseosos  ;9N;NEVERA;10° C o mas frío ; FID Performance Evaluation Standard ;Ver certificado;RESTEK;A0231484;33908;2026-03-25;2032-11-30;mL;2mL;1,0;0,1;Azul ;SI;SI;FE 149;3359120
SRPR430;CECIF;Metrología ;Calificación de cromatógrafos gaseosos  ;9N;NEVERA;10° C o mas frío ;OQ/PV Headspace Standard;Ver certificado;RESTEK;A0229506;33909;2026-03-25;2028-09-30;mL;2mL;1,0;0,1;Azul ;SI;SI;FE 149;3359121
SRPR431;Nutrabiotics EV. ;Medicamentos;Validación y análisis de control de calidad para pureza enantiomerica de la sal de trometamina ;2F1;FREEZER;-20°C ;R-Alfa-Lipoic Acid Trometamine Salt;100%;LGC;2025-MYF-135;R246990;2026-05-14;2029-12-22;mg;100mg;75,6;9,5;Verde;SI;NO ;NO;Nutrabiotics 
SRPR432;Nutrabiotics EV. ;Medicamentos;Validación y análisis de control de calidad para pureza enantiomerica de la sal de trometamina ;5N;NEVERA;Refrigerador de 2-8 °C;(S)-Thioctic Acid Tromethamine;99,7%;TLC;4430-094A1;T-8836;2026-05-14;2028-09-15;mg;100mg;67,2;8,4;Verde;SI;SI;NO;Nutrabiotics 
SRPR433; Syntofarma (Proyecto MAMUT) - Validación de Impurezas de Dicloxacilina PPSO ;Medicamentos;Validación de Impurezas de Dicloxacilina PPSO ;2F2;FREEZER;Congelador -20°C +/- 5°C Protegido de la luz;Dicloxacillin Sodium CRS;95,6%;EP;6;D1050000;2026-05-21;Vigente;mg;250mg;484,5;60,6;Azul ;SI;SI;NO;Syntofarma 
